insert into metadatafieldregistry (metadata_schema_id,element,qualifier,scope_note) values (1,'atos','numero','metadado incluido por edmar');
insert into metadatafieldregistry (metadata_schema_id,element,qualifier,scope_note) values (1,'contributor','tableofcontents','metadado incluido por edmar');
insert into metadatafieldregistry (metadata_schema_id,element,qualifier,scope_note) values (1,'parecer','numero','metadado incluido por edmar');

insert into community (community_id,name,short_description) values (1,'Atos Administrativos','');
insert into community (community_id,name,short_description) values (2,'Doutrina','');
insert into community (community_id,name,short_description) values (3,'Repositório Institucional','');

insert into resourcepolicy (policy_id,resource_type_id,resource_id,action_id,epersongroup_id) values (1,4,1,0,0);
insert into resourcepolicy (policy_id,resource_type_id,resource_id,action_id,epersongroup_id) values (2,4,2,0,0);
insert into resourcepolicy (policy_id,resource_type_id,resource_id,action_id,epersongroup_id) values (3,4,3,0,0);

insert into collection (collection_id,name) values (1,'Atos Normativos da ENFAM');
insert into collection (collection_id,name) values (2,'Atos Normativos do STJ');
insert into collection (collection_id,name) values (3,'Atos Normativos do TRF');
insert into collection (collection_id,name) values (4,'Boletim de Serviço do STJ');
insert into collection (collection_id,name) values (5,'Artigos de Acesso Aberto');
insert into collection (collection_id,name) values (6,'Artigos de Acesso Restrito');
insert into collection (collection_id,name) values (7,'Bibliografias Selecionadas');
insert into collection (collection_id,name) values (8,'Livros Digitais');
insert into collection (collection_id,name) values (9,'Obras Raras');
insert into collection (collection_id,name) values (10,'Palestras');
insert into collection (collection_id,name) values (11,'Produção Intelectual dos Ministros do STJ');
insert into collection (collection_id,name) values (12,'Produção Intelectual dos Servidores do STJ');
insert into collection (collection_id,name) values (13,'Sumários de Livros');
insert into collection (collection_id,name) values (14,'Textos Jurídicos');
insert into collection (collection_id,name) values (15,'Atas do STJ');
insert into collection (collection_id,name) values (16,'Atas do TFR');
insert into collection (collection_id,name) values (17,'Eventos');
insert into collection (collection_id,name) values (18,'Galeria de Artes');
insert into collection (collection_id,name) values (19,'Pareceres de Assessoria Jurídica');


insert into resourcepolicy (policy_id,resource_type_id,resource_id,action_id,epersongroup_id) values (4,3,1,0,0);
insert into resourcepolicy (policy_id,resource_type_id,resource_id,action_id,epersongroup_id) values (5,3,1,10,0);
insert into resourcepolicy (policy_id,resource_type_id,resource_id,action_id,epersongroup_id) values (6,3,1,9,0);

insert into resourcepolicy (policy_id,resource_type_id,resource_id,action_id,epersongroup_id) values (7,3,2,0,0);
insert into resourcepolicy (policy_id,resource_type_id,resource_id,action_id,epersongroup_id) values (8,3,2,10,0);
insert into resourcepolicy (policy_id,resource_type_id,resource_id,action_id,epersongroup_id) values (9,3,2,9,0);

insert into resourcepolicy (policy_id,resource_type_id,resource_id,action_id,epersongroup_id) values (10,3,3,0,0);
insert into resourcepolicy (policy_id,resource_type_id,resource_id,action_id,epersongroup_id) values (11,3,3,10,0);
insert into resourcepolicy (policy_id,resource_type_id,resource_id,action_id,epersongroup_id) values (12,3,3,9,0);

insert into resourcepolicy (policy_id,resource_type_id,resource_id,action_id,epersongroup_id) values (13,3,4,0,0);
insert into resourcepolicy (policy_id,resource_type_id,resource_id,action_id,epersongroup_id) values (14,3,4,10,0);
insert into resourcepolicy (policy_id,resource_type_id,resource_id,action_id,epersongroup_id) values (15,3,4,9,0);

insert into resourcepolicy (policy_id,resource_type_id,resource_id,action_id,epersongroup_id) values (16,3,5,0,0);
insert into resourcepolicy (policy_id,resource_type_id,resource_id,action_id,epersongroup_id) values (17,3,5,10,0);
insert into resourcepolicy (policy_id,resource_type_id,resource_id,action_id,epersongroup_id) values (18,3,5,9,0);


insert into resourcepolicy (policy_id,resource_type_id,resource_id,action_id,epersongroup_id) values (19,3,6,0,0);
insert into resourcepolicy (policy_id,resource_type_id,resource_id,action_id,epersongroup_id) values (20,3,6,10,0);
insert into resourcepolicy (policy_id,resource_type_id,resource_id,action_id,epersongroup_id) values (21,3,6,9,0);


insert into resourcepolicy (policy_id,resource_type_id,resource_id,action_id,epersongroup_id) values (22,3,7,0,0);
insert into resourcepolicy (policy_id,resource_type_id,resource_id,action_id,epersongroup_id) values (23,3,7,10,0);
insert into resourcepolicy (policy_id,resource_type_id,resource_id,action_id,epersongroup_id) values (24,3,7,9,0);

insert into resourcepolicy (policy_id,resource_type_id,resource_id,action_id,epersongroup_id) values (25,3,8,0,0);
insert into resourcepolicy (policy_id,resource_type_id,resource_id,action_id,epersongroup_id) values (26,3,8,10,0);
insert into resourcepolicy (policy_id,resource_type_id,resource_id,action_id,epersongroup_id) values (27,3,8,9,0);


insert into resourcepolicy (policy_id,resource_type_id,resource_id,action_id,epersongroup_id) values (28,3,9,0,0);
insert into resourcepolicy (policy_id,resource_type_id,resource_id,action_id,epersongroup_id) values (29,3,9,10,0);
insert into resourcepolicy (policy_id,resource_type_id,resource_id,action_id,epersongroup_id) values (30,3,9,9,0);

insert into resourcepolicy (policy_id,resource_type_id,resource_id,action_id,epersongroup_id) values (31,3,10,0,0);
insert into resourcepolicy (policy_id,resource_type_id,resource_id,action_id,epersongroup_id) values (32,3,10,10,0);
insert into resourcepolicy (policy_id,resource_type_id,resource_id,action_id,epersongroup_id) values (33,3,10,9,0);

insert into resourcepolicy (policy_id,resource_type_id,resource_id,action_id,epersongroup_id) values (34,3,11,0,0);
insert into resourcepolicy (policy_id,resource_type_id,resource_id,action_id,epersongroup_id) values (35,3,11,10,0);
insert into resourcepolicy (policy_id,resource_type_id,resource_id,action_id,epersongroup_id) values (36,3,11,9,0);

insert into resourcepolicy (policy_id,resource_type_id,resource_id,action_id,epersongroup_id) values (37,3,12,0,0);
insert into resourcepolicy (policy_id,resource_type_id,resource_id,action_id,epersongroup_id) values (38,3,12,10,0);
insert into resourcepolicy (policy_id,resource_type_id,resource_id,action_id,epersongroup_id) values (39,3,12,9,0);

insert into resourcepolicy (policy_id,resource_type_id,resource_id,action_id,epersongroup_id) values (40,3,13,0,0);
insert into resourcepolicy (policy_id,resource_type_id,resource_id,action_id,epersongroup_id) values (41,3,13,10,0);
insert into resourcepolicy (policy_id,resource_type_id,resource_id,action_id,epersongroup_id) values (42,3,13,9,0);

insert into resourcepolicy (policy_id,resource_type_id,resource_id,action_id,epersongroup_id) values (43,3,14,0,0);
insert into resourcepolicy (policy_id,resource_type_id,resource_id,action_id,epersongroup_id) values (44,3,14,10,0);
insert into resourcepolicy (policy_id,resource_type_id,resource_id,action_id,epersongroup_id) values (45,3,14,9,0);

insert into resourcepolicy (policy_id,resource_type_id,resource_id,action_id,epersongroup_id) values (46,3,15,0,0);
insert into resourcepolicy (policy_id,resource_type_id,resource_id,action_id,epersongroup_id) values (47,3,15,10,0);
insert into resourcepolicy (policy_id,resource_type_id,resource_id,action_id,epersongroup_id) values (48,3,15,9,0);


insert into resourcepolicy (policy_id,resource_type_id,resource_id,action_id,epersongroup_id) values (49,3,16,0,0);
insert into resourcepolicy (policy_id,resource_type_id,resource_id,action_id,epersongroup_id) values (50,3,16,10,0);
insert into resourcepolicy (policy_id,resource_type_id,resource_id,action_id,epersongroup_id) values (51,3,16,9,0);



insert into resourcepolicy (policy_id,resource_type_id,resource_id,action_id,epersongroup_id) values (52,3,17,0,0);
insert into resourcepolicy (policy_id,resource_type_id,resource_id,action_id,epersongroup_id) values (53,3,17,10,0);
insert into resourcepolicy (policy_id,resource_type_id,resource_id,action_id,epersongroup_id) values (54,3,17,9,0);


insert into resourcepolicy (policy_id,resource_type_id,resource_id,action_id,epersongroup_id) values (55,3,18,0,0);
insert into resourcepolicy (policy_id,resource_type_id,resource_id,action_id,epersongroup_id) values (56,3,18,10,0);
insert into resourcepolicy (policy_id,resource_type_id,resource_id,action_id,epersongroup_id) values (57,3,18,9,0);


insert into resourcepolicy (policy_id,resource_type_id,resource_id,action_id,epersongroup_id) values (58,3,19,0,0);
insert into resourcepolicy (policy_id,resource_type_id,resource_id,action_id,epersongroup_id) values (59,3,19,10,0);
insert into resourcepolicy (policy_id,resource_type_id,resource_id,action_id,epersongroup_id) values (60,3,19,9,0);





insert into community2collection values (1,1,1);
insert into community2collection values (2,1,2);
insert into community2collection values (3,1,3);
insert into community2collection values (4,1,4);
insert into community2collection values (5,2,5);
insert into community2collection values (6,2,6);
insert into community2collection values (7,2,7);
insert into community2collection values (8,2,8);
insert into community2collection values (9,2,9);
insert into community2collection values (10,2,10);
insert into community2collection values (11,2,11);
insert into community2collection values (12,2,12);
insert into community2collection values (13,2,13);
insert into community2collection values (14,2,14);
insert into community2collection values (15,3,15);
insert into community2collection values (16,3,16);
insert into community2collection values (17,3,17);
insert into community2collection values (18,3,18);
insert into community2collection values (19,3,19);

insert into handle values (1,'123456789/1',4,1);
insert into handle values (2,'123456789/2',4,2);
insert into handle values (3,'123456789/3',4,3);
insert into handle values (4,'123456789/4',3,1);
insert into handle values (5,'123456789/5',3,2);
insert into handle values (6,'123456789/6',3,3);
insert into handle values (7,'123456789/7',3,4);
insert into handle values (8,'123456789/8',3,5);
insert into handle values (9,'123456789/9',3,6);
insert into handle values (10,'123456789/10',3,7);
insert into handle values (11,'123456789/11',3,8);
insert into handle values (12,'123456789/12',3,9);
insert into handle values (13,'123456789/13',3,10);
insert into handle values (14,'123456789/14',3,11);
insert into handle values (15,'123456789/15',3,12);
insert into handle values (16,'123456789/16',3,13);
insert into handle values (17,'123456789/17',3,14);
insert into handle values (18,'123456789/18',3,15);
insert into handle values (19,'123456789/19',3,16);
insert into handle values (20,'123456789/20',3,17);
insert into handle values (21,'123456789/21',3,18);
insert into handle values (22,'123456789/22',3,19);

ALTER SEQUENCE handle_seq RESTART WITH 23;
ALTER SEQUENCE community2collection_seq RESTART WITH 20;
ALTER SEQUENCE collection_seq RESTART WITH 20;
ALTER SEQUENCE community_seq RESTART WITH 4;
ALTER SEQUENCE resourcepolicy_seq RESTART WITH 61;










